order_id,product,region,channel,quantity,unit_price,discount,revenue,status,rating
ORD10000,Laptop,Delhi,Distributor,9,63411.25,0.25,428025.94,Completed,4.0
ORD10001,Smartwatch,Kolkata,Distributor,4,8472.43,0.0,33889.72,Cancelled,
ORD10002,Camera,Bangalore,Online,5,31745.96,0.16,133333.03,Completed,4.4
ORD10003,Headphones,Kolkata,Online,3,4508.01,0.16,11360.19,Completed,4.5
ORD10004,Camera,Chennai,B2B,8,32940.22,0.22,205546.97,Pending,3.2
ORD10005,Camera,Kolkata,Online,9,36826.38,0.02,324808.67,Pending,3.4
ORD10006,Tablet,Ahmedabad,Online,10,22169.88,0.13,192877.96,Returned,4.4
ORD10007,Headphones,Hyderabad,Distributor,5,4586.32,0.08,21097.07,Pending,2.9
ORD10008,Speaker,Ahmedabad,Retail,4,3402.7,0.17,11296.96,Completed,3.2
ORD10009,Smartwatch,Bangalore,Distributor,8,7782.13,0.14,53541.05,Pending,4.7
ORD10010,Phone,Hyderabad,B2B,1,29226.1,0.21,23088.62,Completed,4.9
ORD10011,Monitor,Hyderabad,Distributor,2,18930.86,0.17,31425.23,Pending,3.9
ORD10012,Monitor,Mumbai,B2B,4,16835.73,0.14,57914.91,Completed,4.2
ORD10013,Smartwatch,Delhi,Retail,10,7946.99,0.02,77880.5,Cancelled,4.3
ORD10014,Headphones,Hyderabad,Retail,8,4368.14,0.01,34595.67,Completed,4.1
ORD10015,Monitor,Delhi,B2B,4,18693.57,0.13,65053.62,Completed,3.7
ORD10016,Phone,Kolkata,Distributor,4,28090.17,0.08,103371.83,Completed,2.6
ORD10017,Speaker,Kolkata,Distributor,2,3224.65,0.02,6320.31,Completed,3.1
ORD10018,Phone,Kolkata,B2B,2,27128.42,0.05,51544.0,Completed,2.6
ORD10019,Smartwatch,Kolkata,Distributor,10,8588.6,0.14,73861.96,Completed,3.3
ORD10020,Camera,Ahmedabad,Retail,10,35894.52,0.2,287156.16,Completed,
ORD10021,Monitor,Kolkata,Distributor,8,18637.32,0.19,120769.83,Completed,3.0
ORD10022,Headphones,Pune,Retail,4,4917.38,0.12,17309.18,Completed,2.9
ORD10023,Speaker,Kolkata,Online,7,3544.36,0.18,20344.63,Pending,4.1
ORD10024,Laptop,Mumbai,Online,9,64412.71,0.22,452177.22,Completed,3.0
ORD10025,Camera,Hyderabad,Online,6,37044.7,0.2,177814.56,Completed,3.9
ORD10026,Tablet,Hyderabad,B2B,9,19884.88,0.1,161067.53,Completed,3.2
ORD10027,Laptop,Ahmedabad,Retail,10,65168.99,0.23,501801.22,Completed,2.7
ORD10028,Tablet,Bangalore,Retail,4,23061.86,0.24,70108.05,Completed,3.0
ORD10029,Camera,Pune,B2B,1,36882.25,0.2,29505.8,Completed,2.9
ORD10030,Tablet,Pune,Retail,10,23478.97,0.11,208962.83,Completed,3.2
ORD10031,Tablet,Pune,Distributor,1,22858.17,0.03,22172.42,Completed,3.7
ORD10032,Laptop,Pune,Online,9,59673.07,0.04,515575.32,Completed,4.4
ORD10033,Headphones,Chennai,Online,6,4141.7,0.07,23110.69,Completed,3.7
ORD10034,Smartwatch,Delhi,Retail,10,7918.26,0.0,79182.6,Completed,4.7
ORD10035,Speaker,Bangalore,Distributor,3,3348.66,0.13,8740.0,Pending,
ORD10036,Camera,Delhi,Retail,6,33423.06,0.13,174468.37,Pending,4.3
ORD10037,Monitor,Bangalore,B2B,5,16577.23,0.19,67137.78,Completed,3.2
ORD10038,Speaker,Pune,Retail,5,3426.25,0.13,14904.19,Completed,2.7
ORD10039,Monitor,Delhi,B2B,10,18588.67,0.07,172874.63,Completed,4.2
ORD10040,Laptop,Hyderabad,Retail,8,63204.35,0.05,480353.06,Pending,
ORD10041,Laptop,Mumbai,Distributor,7,58656.35,0.11,365429.06,Cancelled,3.3
ORD10042,Camera,Delhi,Retail,8,31761.8,0.21,200734.58,Returned,4.7
ORD10043,Tablet,Ahmedabad,Distributor,5,21911.8,0.14,94220.74,Returned,
ORD10044,Camera,Ahmedabad,Online,2,36557.81,0.12,64341.75,Completed,
ORD10045,Headphones,Mumbai,B2B,8,4342.59,0.01,34393.31,Completed,3.9
ORD10046,Smartwatch,Pune,Retail,7,8219.1,0.13,50054.32,Cancelled,4.2
ORD10047,Headphones,Bangalore,B2B,8,4377.02,0.08,32214.87,Returned,2.7
ORD10048,Monitor,Delhi,Distributor,9,16819.61,0.13,131697.55,Returned,4.4
ORD10049,Laptop,Kolkata,B2B,6,64113.88,0.1,346214.95,Completed,4.5
ORD10050,Monitor,Kolkata,B2B,8,19695.05,0.03,152833.59,Pending,3.8
ORD10051,Headphones,Ahmedabad,B2B,9,4787.25,0.24,32744.79,Completed,3.3
ORD10052,Monitor,Mumbai,B2B,6,19059.06,0.04,109780.19,Completed,4.0
ORD10053,Camera,Ahmedabad,Online,8,33774.71,0.15,229668.03,Completed,3.3
ORD10054,Phone,Hyderabad,B2B,7,29539.23,0.02,202639.12,Completed,2.9
ORD10055,Monitor,Mumbai,Retail,1,17579.31,0.02,17227.72,Pending,4.4
ORD10056,Camera,Hyderabad,Retail,6,31861.55,0.09,173964.06,Completed,5.0
ORD10057,Tablet,Bangalore,B2B,3,23397.39,0.21,55451.81,Completed,3.9
ORD10058,Camera,Bangalore,Retail,3,37029.58,0.02,108866.97,Completed,
ORD10059,Phone,Chennai,Distributor,3,27101.37,0.16,68295.45,Completed,2.9
ORD10060,Phone,Bangalore,Retail,2,26983.2,0.23,41554.13,Completed,3.4
ORD10061,Phone,Chennai,Retail,3,28333.36,0.16,71400.07,Returned,
ORD10062,Phone,Bangalore,Distributor,4,29692.42,0.01,117581.98,Completed,
ORD10063,Laptop,Pune,Retail,10,62137.19,0.12,546807.27,Completed,
ORD10064,Smartwatch,Hyderabad,Retail,5,7235.22,0.17,30026.16,Completed,3.4
ORD10065,Phone,Hyderabad,Distributor,10,28254.37,0.01,279718.26,Completed,3.0
ORD10066,Tablet,Chennai,Retail,1,22705.99,0.21,17937.73,Completed,4.2
ORD10067,Smartwatch,Kolkata,Online,3,7536.3,0.24,17182.76,Completed,3.4
ORD10068,Camera,Pune,Distributor,4,35760.4,0.24,108711.62,Pending,
ORD10069,Headphones,Pune,Online,5,4656.24,0.12,20487.46,Completed,4.7
ORD10070,Laptop,Mumbai,Online,2,70420.09,0.12,123939.36,Returned,4.2
ORD10071,Phone,Pune,Online,7,29155.43,0.24,155106.89,Completed,4.4
ORD10072,Headphones,Kolkata,Retail,3,4218.06,0.17,10502.97,Pending,4.7
ORD10073,Monitor,Hyderabad,B2B,7,19643.39,0.25,103127.8,Pending,2.7
ORD10074,Monitor,Pune,B2B,1,18200.14,0.21,14378.11,Completed,4.7
ORD10075,Phone,Ahmedabad,Distributor,5,27260.99,0.1,122674.46,Completed,
ORD10076,Phone,Hyderabad,Retail,7,28646.06,0.1,180470.18,Completed,2.9
ORD10077,Headphones,Mumbai,Online,6,4784.76,0.24,21818.51,Completed,4.0
ORD10078,Camera,Pune,B2B,6,36424.88,0.11,194508.86,Completed,3.8
ORD10079,Laptop,Chennai,Distributor,5,58870.07,0.2,235480.28,Completed,3.2
ORD10080,Smartwatch,Chennai,Online,9,7288.31,0.03,63626.95,Completed,5.0
ORD10081,Smartwatch,Pune,Online,7,8472.07,0.22,46257.5,Pending,4.9
ORD10082,Monitor,Ahmedabad,B2B,10,19795.58,0.09,180139.78,Completed,3.2
ORD10083,Headphones,Bangalore,Distributor,10,4828.7,0.23,37180.99,Completed,4.6
ORD10084,Camera,Hyderabad,B2B,2,33795.46,0.12,59480.01,Completed,4.9
ORD10085,Phone,Pune,Retail,4,28054.63,0.15,95385.74,Completed,5.0
ORD10086,Phone,Mumbai,Distributor,1,29186.76,0.01,28894.89,Completed,4.7
ORD10087,Phone,Kolkata,Retail,9,27041.52,0.13,211735.1,Completed,4.7
ORD10088,Camera,Ahmedabad,Distributor,8,36852.84,0.21,232909.95,Completed,3.5
ORD10089,Headphones,Ahmedabad,Retail,7,4258.85,0.04,28619.47,Completed,3.0
ORD10090,Camera,Delhi,Retail,7,34952.71,0.1,220202.07,Pending,4.1
ORD10091,Laptop,Bangalore,B2B,10,59868.92,0.0,598689.2,Completed,
ORD10092,Phone,Kolkata,Retail,10,29950.52,0.25,224628.9,Completed,4.5
ORD10093,Tablet,Delhi,Distributor,6,22705.66,0.2,108987.17,Pending,4.6
ORD10094,Phone,Bangalore,Retail,3,26526.45,0.13,69234.03,Completed,4.6
ORD10095,Smartwatch,Mumbai,Online,6,7903.33,0.13,41255.38,Completed,4.6
ORD10096,Headphones,Bangalore,Retail,2,4362.27,0.13,7590.35,Pending,4.6
ORD10097,Phone,Chennai,B2B,10,28767.18,0.17,238767.59,Completed,
ORD10098,Headphones,Ahmedabad,Online,1,4729.0,0.18,3877.78,Completed,2.6
ORD10099,Phone,Bangalore,Online,4,27958.28,0.14,96176.48,Completed,3.5
ORD10100,Tablet,Hyderabad,Retail,1,22373.13,0.13,19464.62,Completed,3.5
ORD10101,Speaker,Bangalore,Retail,7,3754.75,0.07,24443.42,Returned,2.9
ORD10102,Smartwatch,Bangalore,B2B,9,7977.21,0.04,68923.09,Completed,3.2
ORD10103,Smartwatch,Pune,B2B,8,8626.11,0.19,55897.19,Pending,3.6
ORD10104,Speaker,Ahmedabad,Retail,1,3479.04,0.03,3374.67,Returned,4.7
ORD10105,Speaker,Chennai,B2B,5,3799.33,0.05,18046.82,Completed,3.1
ORD10106,Monitor,Delhi,Distributor,6,17931.41,0.24,81767.23,Cancelled,4.4
ORD10107,Monitor,Pune,Retail,2,17305.57,0.2,27688.91,Pending,4.8
ORD10108,Monitor,Pune,Distributor,9,17989.97,0.18,132765.98,Pending,4.4
ORD10109,Speaker,Delhi,Retail,1,3725.31,0.11,3315.53,Completed,3.8
ORD10110,Headphones,Chennai,Retail,10,4608.14,0.13,40090.82,Returned,3.0
ORD10111,Phone,Kolkata,Retail,9,25974.88,0.09,212734.27,Completed,3.0
ORD10112,Tablet,Mumbai,Online,6,24128.65,0.07,134637.87,Completed,
ORD10113,Phone,Pune,Online,9,27262.31,0.01,242907.18,Completed,2.5
ORD10114,Tablet,Bangalore,B2B,7,22822.85,0.01,158162.35,Completed,3.3
ORD10115,Camera,Mumbai,Retail,5,33493.37,0.14,144021.49,Completed,4.0
ORD10116,Smartwatch,Delhi,Online,6,8218.45,0.18,40434.77,Completed,4.3
ORD10117,Phone,Chennai,Online,2,29386.36,0.03,57009.54,Completed,2.8
ORD10118,Phone,Bangalore,Online,4,28702.48,0.19,92996.04,Completed,3.4
ORD10119,Camera,Bangalore,Online,4,37294.68,0.03,144703.36,Completed,3.2
ORD10120,Tablet,Pune,B2B,1,22710.56,0.11,20212.4,Completed,3.1
ORD10121,Camera,Mumbai,Distributor,8,34468.72,0.12,242659.79,Completed,3.1
ORD10122,Tablet,Kolkata,B2B,6,21191.71,0.04,122064.25,Completed,3.4
ORD10123,Speaker,Bangalore,Online,7,3309.66,0.12,20387.51,Pending,4.6
ORD10124,Camera,Delhi,Retail,1,31950.75,0.12,28116.66,Completed,3.8
ORD10125,Camera,Bangalore,B2B,3,37114.69,0.02,109117.19,Completed,4.8
ORD10126,Smartwatch,Chennai,Online,10,7966.33,0.14,68510.44,Completed,4.0
ORD10127,Laptop,Kolkata,Online,4,65859.14,0.24,200211.79,Completed,4.7
ORD10128,Headphones,Pune,Distributor,5,4654.49,0.05,22108.83,Completed,4.8
ORD10129,Headphones,Hyderabad,Distributor,10,4592.42,0.21,36280.12,Returned,3.7
ORD10130,Camera,Ahmedabad,Online,10,33874.36,0.02,331968.73,Completed,4.3
ORD10131,Headphones,Delhi,Retail,1,4592.62,0.16,3857.8,Completed,4.1
ORD10132,Monitor,Bangalore,Distributor,9,18809.69,0.23,130351.15,Returned,4.8
ORD10133,Camera,Hyderabad,Retail,2,36612.9,0.24,55651.61,Completed,4.3
ORD10134,Monitor,Chennai,Distributor,5,18477.17,0.08,84994.98,Completed,3.7
ORD10135,Camera,Mumbai,Distributor,9,38242.18,0.11,306319.86,Pending,
ORD10136,Camera,Kolkata,Distributor,4,32042.69,0.16,107663.44,Completed,3.1
ORD10137,Monitor,Kolkata,Online,8,19708.35,0.15,134016.78,Completed,4.3
ORD10138,Speaker,Ahmedabad,Retail,1,3331.93,0.07,3098.69,Returned,2.8
ORD10139,Headphones,Kolkata,Distributor,5,4682.42,0.13,20368.53,Completed,3.5
ORD10140,Phone,Hyderabad,Distributor,6,27085.99,0.18,133263.07,Completed,2.8
ORD10141,Phone,Pune,Online,7,28529.13,0.03,193712.79,Completed,4.6
ORD10142,Speaker,Ahmedabad,Online,2,3322.75,0.25,4984.12,Completed,4.4
ORD10143,Camera,Delhi,Distributor,6,35852.92,0.13,187152.24,Completed,2.9
ORD10144,Camera,Pune,B2B,5,33319.86,0.23,128281.46,Completed,3.1
ORD10145,Headphones,Hyderabad,Online,5,4493.5,0.19,18198.68,Completed,3.8
ORD10146,Phone,Bangalore,B2B,5,28988.8,0.06,136247.36,Completed,3.1
ORD10147,Speaker,Chennai,Retail,2,3691.69,0.15,6275.87,Completed,3.8
ORD10148,Tablet,Chennai,Distributor,1,22931.57,0.21,18115.94,Completed,3.1
ORD10149,Phone,Delhi,B2B,7,30787.72,0.25,161635.53,Completed,3.8
ORD10150,Speaker,Bangalore,Online,8,3153.34,0.05,23965.38,Pending,3.4
ORD10151,Speaker,Ahmedabad,Online,3,3186.92,0.0,9560.76,Completed,3.8
ORD10152,Headphones,Ahmedabad,Online,4,4180.59,0.21,13210.66,Completed,2.8
ORD10153,Monitor,Pune,Retail,7,16409.52,0.16,96487.98,Completed,5.0
ORD10154,Camera,Bangalore,Online,2,32386.98,0.2,51819.17,Completed,3.5
ORD10155,Monitor,Pune,Online,5,19116.61,0.02,93671.39,Pending,2.5
ORD10156,Tablet,Mumbai,Distributor,7,22640.96,0.24,120449.91,Completed,3.8
ORD10157,Laptop,Ahmedabad,Online,3,62391.54,0.03,181559.38,Pending,5.0
ORD10158,Monitor,Bangalore,Retail,7,18409.72,0.18,105671.79,Pending,
ORD10159,Smartwatch,Pune,B2B,4,8164.35,0.17,27105.64,Returned,2.8
ORD10160,Phone,Hyderabad,Online,4,27924.68,0.08,102762.82,Completed,3.8
ORD10161,Camera,Bangalore,Retail,1,33738.38,0.02,33063.61,Pending,2.7
ORD10162,Laptop,Chennai,Online,9,67708.37,0.13,530156.54,Returned,4.4
ORD10163,Phone,Hyderabad,Distributor,1,27136.77,0.18,22252.15,Completed,3.8
ORD10164,Headphones,Pune,Distributor,10,4808.53,0.24,36544.83,Completed,
ORD10165,Tablet,Chennai,Distributor,7,21530.59,0.04,144685.56,Completed,3.4
ORD10166,Laptop,Chennai,Online,4,68680.42,0.24,208788.48,Completed,4.6
ORD10167,Tablet,Mumbai,Distributor,3,20576.23,0.1,55555.82,Completed,3.8
ORD10168,Tablet,Bangalore,B2B,5,23283.89,0.03,112926.87,Cancelled,4.6
ORD10169,Phone,Kolkata,Online,10,25519.28,0.07,237329.3,Cancelled,3.2
ORD10170,Headphones,Chennai,Retail,9,4160.48,0.22,29206.57,Returned,2.5
ORD10171,Laptop,Hyderabad,Distributor,6,61753.18,0.07,344582.74,Pending,4.4
ORD10172,Laptop,Bangalore,B2B,3,69089.77,0.21,163742.75,Completed,4.9
ORD10173,Camera,Kolkata,Online,9,36587.97,0.05,312827.14,Completed,2.6
ORD10174,Tablet,Chennai,Online,9,20320.41,0.07,170081.83,Completed,4.7
ORD10175,Phone,Delhi,Online,5,29975.46,0.16,125896.93,Pending,
ORD10176,Speaker,Bangalore,B2B,1,3440.85,0.24,2615.05,Returned,4.3
ORD10177,Laptop,Pune,Retail,8,63273.32,0.23,389763.65,Completed,4.4
ORD10178,Laptop,Hyderabad,Online,9,65373.77,0.21,464807.5,Completed,4.9
ORD10179,Tablet,Ahmedabad,Retail,4,20728.33,0.2,66330.66,Completed,4.7
ORD10180,Speaker,Hyderabad,Retail,5,3406.65,0.14,14648.59,Completed,3.8
ORD10181,Monitor,Bangalore,B2B,4,17424.49,0.07,64819.1,Completed,4.8
ORD10182,Smartwatch,Hyderabad,Retail,5,8101.07,0.24,30784.07,Returned,4.6
ORD10183,Laptop,Hyderabad,Retail,7,64872.41,0.13,395072.98,Completed,4.6
ORD10184,Camera,Chennai,Online,3,36626.87,0.21,86805.68,Cancelled,
ORD10185,Phone,Hyderabad,Online,9,28036.03,0.17,209429.14,Completed,5.0
ORD10186,Speaker,Bangalore,Online,10,3429.06,0.21,27089.57,Completed,4.1
ORD10187,Monitor,Mumbai,B2B,4,17163.37,0.17,56982.39,Completed,2.8
ORD10188,Speaker,Kolkata,Retail,10,3475.39,0.15,29540.81,Completed,2.7
ORD10189,Camera,Delhi,Retail,5,35145.4,0.08,161668.84,Returned,3.5
ORD10190,Camera,Pune,B2B,3,38168.64,0.01,113360.86,Completed,4.2
ORD10191,Speaker,Ahmedabad,B2B,4,3533.3,0.2,11306.56,Returned,4.3
ORD10192,Camera,Kolkata,Distributor,8,34352.08,0.16,230845.98,Pending,4.0
ORD10193,Camera,Mumbai,B2B,8,37439.88,0.13,260581.56,Completed,4.8
ORD10194,Phone,Chennai,Retail,9,30160.25,0.04,260584.56,Pending,3.3
ORD10195,Tablet,Ahmedabad,B2B,9,21382.8,0.17,159729.52,Completed,4.4
ORD10196,Camera,Pune,Online,3,36977.62,0.12,97620.92,Completed,2.6
ORD10197,Headphones,Pune,Online,7,4193.6,0.0,29355.2,Pending,3.1
ORD10198,Laptop,Mumbai,Retail,6,70920.95,0.2,340420.56,Completed,4.6
ORD10199,Phone,Chennai,Retail,6,27068.16,0.16,136423.53,Completed,4.0
ORD10200,Monitor,Delhi,Online,8,18505.78,0.14,127319.77,Completed,4.4
ORD10201,Headphones,Bangalore,Online,5,4603.44,0.08,21175.82,Completed,4.4
ORD10202,Smartwatch,Mumbai,Retail,6,7346.37,0.05,41874.31,Returned,4.9
ORD10203,Phone,Kolkata,B2B,1,25410.44,0.06,23885.81,Completed,3.4
ORD10204,Smartwatch,Mumbai,Retail,9,8309.16,0.21,59078.13,Completed,4.5
ORD10205,Headphones,Ahmedabad,Online,10,4291.61,0.12,37766.17,Completed,3.4
ORD10206,Phone,Kolkata,Distributor,8,29724.73,0.08,218774.01,Completed,4.0
ORD10207,Tablet,Pune,B2B,3,20648.82,0.25,46459.85,Pending,
ORD10208,Headphones,Pune,Retail,2,4229.27,0.03,8204.78,Completed,3.7
ORD10209,Speaker,Pune,Distributor,8,3793.99,0.07,28227.29,Completed,4.2
ORD10210,Laptop,Delhi,B2B,5,66691.9,0.2,266767.6,Cancelled,4.6
ORD10211,Speaker,Chennai,Retail,5,3748.77,0.02,18368.97,Returned,4.4
ORD10212,Tablet,Bangalore,B2B,2,23210.24,0.01,45956.28,Completed,3.1
ORD10213,Camera,Pune,Retail,1,36953.5,0.09,33627.68,Returned,3.4
ORD10214,Laptop,Hyderabad,Distributor,7,58735.51,0.02,402925.6,Completed,4.5
ORD10215,Tablet,Mumbai,Retail,2,22625.71,0.09,41178.79,Completed,4.3
ORD10216,Phone,Chennai,Distributor,6,28190.82,0.01,167453.47,Completed,3.8
ORD10217,Laptop,Mumbai,Online,4,65968.03,0.19,213736.42,Completed,3.7
ORD10218,Speaker,Delhi,Distributor,7,3422.04,0.16,20121.6,Returned,4.3
ORD10219,Camera,Ahmedabad,Distributor,3,35134.44,0.0,105403.32,Completed,4.4
ORD10220,Camera,Delhi,Retail,9,31568.93,0.07,264231.94,Completed,3.2
ORD10221,Speaker,Delhi,Distributor,1,3370.24,0.13,2932.11,Returned,4.4
ORD10222,Headphones,Hyderabad,Online,9,4317.86,0.23,29922.77,Completed,
ORD10223,Phone,Kolkata,B2B,4,26628.25,0.03,103317.61,Completed,4.3
ORD10224,Camera,Bangalore,Distributor,8,35843.93,0.17,238003.7,Pending,3.9
ORD10225,Speaker,Delhi,Distributor,9,3564.6,0.24,24381.86,Completed,3.9
ORD10226,Headphones,Pune,Retail,5,4640.17,0.03,22504.82,Completed,4.8
ORD10227,Tablet,Ahmedabad,Online,4,22900.52,0.01,90686.06,Completed,2.8
ORD10228,Camera,Chennai,Retail,10,37864.73,0.2,302917.84,Completed,5.0
ORD10229,Tablet,Ahmedabad,Online,1,21556.52,0.0,21556.52,Completed,4.7
ORD10230,Tablet,Mumbai,Distributor,5,20870.28,0.25,78263.55,Completed,4.7
ORD10231,Laptop,Bangalore,Retail,6,65540.58,0.06,369648.87,Completed,3.7
ORD10232,Phone,Chennai,Online,2,30001.99,0.11,53403.54,Completed,3.2
ORD10233,Monitor,Chennai,Online,7,17154.83,0.07,111677.94,Completed,3.7
ORD10234,Smartwatch,Kolkata,B2B,1,7716.12,0.06,7253.15,Completed,3.4
ORD10235,Phone,Bangalore,Online,5,30237.01,0.22,117924.34,Completed,4.4
ORD10236,Speaker,Ahmedabad,Online,8,3190.63,0.19,20675.28,Completed,2.6
ORD10237,Camera,Bangalore,Online,7,33479.45,0.02,229669.03,Pending,3.4
ORD10238,Monitor,Mumbai,Distributor,6,17685.53,0.19,85951.68,Completed,3.1
ORD10239,Headphones,Pune,Retail,6,4526.98,0.13,23630.84,Completed,4.5
ORD10240,Smartwatch,Pune,Distributor,2,8006.75,0.01,15853.36,Completed,3.0
ORD10241,Phone,Delhi,Distributor,7,25972.83,0.06,170901.22,Pending,4.9
ORD10242,Camera,Pune,B2B,4,31535.36,0.1,113527.3,Completed,4.8
ORD10243,Speaker,Bangalore,Retail,10,3348.71,0.1,30138.39,Completed,4.4
ORD10244,Speaker,Bangalore,Retail,7,3428.09,0.04,23036.76,Cancelled,4.2
ORD10245,Speaker,Mumbai,Retail,3,3742.79,0.13,9768.68,Completed,4.4
ORD10246,Headphones,Kolkata,Distributor,3,4222.25,0.03,12286.75,Completed,4.9
ORD10247,Camera,Pune,Online,2,34295.01,0.24,52128.42,Returned,4.0
ORD10248,Headphones,Hyderabad,B2B,4,4321.67,0.15,14693.68,Completed,3.2
ORD10249,Smartwatch,Delhi,Online,7,7475.35,0.08,48141.25,Pending,4.7
ORD10250,Monitor,Bangalore,Distributor,6,19444.47,0.22,91000.12,Completed,4.1
ORD10251,Tablet,Pune,B2B,9,23030.19,0.11,184471.82,Pending,2.9
ORD10252,Tablet,Mumbai,B2B,9,19871.31,0.18,146650.27,Cancelled,3.5
ORD10253,Speaker,Mumbai,B2B,8,3599.5,0.11,25628.44,Cancelled,3.3
ORD10254,Smartwatch,Hyderabad,Retail,5,7733.77,0.23,29775.01,Completed,4.3
ORD10255,Headphones,Hyderabad,Distributor,2,4349.11,0.22,6784.61,Pending,4.0
ORD10256,Phone,Kolkata,Distributor,5,30632.03,0.23,117933.32,Completed,3.4
ORD10257,Monitor,Hyderabad,Retail,6,18907.72,0.17,94160.45,Completed,2.8
ORD10258,Headphones,Kolkata,Distributor,6,4326.32,0.03,25179.18,Pending,3.4
ORD10259,Phone,Pune,Retail,5,26305.84,0.1,118376.28,Completed,4.6
ORD10260,Phone,Delhi,Distributor,4,30400.44,0.09,110657.6,Pending,3.3
ORD10261,Speaker,Kolkata,Distributor,6,3793.94,0.25,17072.73,Returned,3.3
ORD10262,Camera,Mumbai,Distributor,1,34568.64,0.03,33531.58,Pending,3.8
ORD10263,Smartwatch,Delhi,Retail,8,7463.72,0.04,57321.37,Completed,3.7
ORD10264,Monitor,Bangalore,Online,3,16502.17,0.18,40595.34,Completed,3.2
ORD10265,Phone,Kolkata,Retail,3,27556.95,0.02,81017.43,Completed,5.0
ORD10266,Monitor,Mumbai,Distributor,8,17208.79,0.13,119773.18,Completed,4.4
ORD10267,Monitor,Delhi,B2B,7,18283.94,0.25,95990.68,Pending,3.0
ORD10268,Laptop,Bangalore,Retail,10,60350.04,0.12,531080.35,Completed,3.4
ORD10269,Headphones,Bangalore,Online,9,4564.47,0.25,30810.17,Pending,2.6
ORD10270,Smartwatch,Delhi,Online,7,7824.25,0.04,52578.96,Completed,3.4
ORD10271,Headphones,Bangalore,Retail,6,4303.43,0.2,20656.46,Completed,4.2
ORD10272,Smartwatch,Pune,Retail,8,7467.62,0.11,53169.45,Pending,4.8
ORD10273,Phone,Kolkata,B2B,1,29111.08,0.09,26491.08,Completed,4.6
ORD10274,Smartwatch,Kolkata,Online,9,8032.16,0.01,71566.55,Pending,4.3
ORD10275,Laptop,Kolkata,B2B,7,71417.05,0.04,479922.58,Pending,2.7
ORD10276,Tablet,Kolkata,Distributor,5,24177.22,0.0,120886.1,Completed,4.2
ORD10277,Camera,Delhi,Online,6,33494.82,0.09,182881.72,Completed,2.8
ORD10278,Laptop,Hyderabad,Distributor,8,62256.56,0.12,438286.18,Pending,4.2
ORD10279,Laptop,Kolkata,Distributor,4,61196.27,0.07,227650.12,Completed,5.0
ORD10280,Speaker,Kolkata,Retail,6,3723.44,0.05,21223.61,Completed,3.2
ORD10281,Monitor,Pune,Distributor,8,19379.82,0.17,128682.0,Pending,2.9
ORD10282,Tablet,Hyderabad,B2B,2,20020.7,0.01,39640.99,Completed,5.0
ORD10283,Phone,Ahmedabad,Distributor,7,28967.26,0.01,200743.11,Pending,4.3
ORD10284,Camera,Pune,B2B,6,33832.84,0.03,196907.13,Completed,3.5
ORD10285,Tablet,Delhi,Retail,9,22192.38,0.03,193739.48,Completed,4.9
ORD10286,Phone,Hyderabad,Distributor,2,28609.11,0.14,49207.67,Returned,3.5
ORD10287,Tablet,Bangalore,B2B,10,22832.1,0.15,194072.85,Completed,
ORD10288,Smartwatch,Kolkata,Retail,7,7714.33,0.04,51840.3,Completed,2.9
ORD10289,Phone,Pune,Retail,4,25515.04,0.09,92874.75,Completed,3.0
ORD10290,Phone,Pune,Online,9,26798.78,0.05,229129.57,Returned,4.1
ORD10291,Camera,Ahmedabad,B2B,6,33870.31,0.15,172738.58,Completed,3.8
ORD10292,Headphones,Bangalore,Distributor,1,4237.34,0.07,3940.73,Completed,4.7
ORD10293,Smartwatch,Delhi,Distributor,4,8528.53,0.23,26267.87,Completed,3.5
ORD10294,Smartwatch,Mumbai,B2B,7,8040.96,0.21,44466.51,Completed,4.7
ORD10295,Laptop,Hyderabad,Retail,9,60958.81,0.03,532170.41,Returned,
ORD10296,Headphones,Bangalore,Online,5,4092.66,0.06,19235.5,Cancelled,3.6
ORD10297,Laptop,Bangalore,Online,6,71033.0,0.21,336696.42,Returned,
ORD10298,Monitor,Mumbai,Distributor,1,18027.7,0.07,16765.76,Completed,
ORD10299,Camera,Chennai,Online,9,34366.58,0.16,259811.34,Pending,3.6
ORD10300,Laptop,Chennai,Online,6,68155.19,0.07,380305.96,Completed,3.8
ORD10301,Tablet,Delhi,B2B,7,22401.77,0.11,139563.03,Completed,2.9
ORD10302,Monitor,Delhi,B2B,5,17805.56,0.05,84576.41,Returned,3.1
ORD10303,Camera,Bangalore,Distributor,7,38331.02,0.21,211970.54,Completed,4.8
ORD10304,Tablet,Bangalore,Distributor,9,21742.77,0.0,195684.93,Pending,3.7
ORD10305,Speaker,Pune,Distributor,6,3727.36,0.13,19456.82,Pending,4.1
ORD10306,Camera,Bangalore,Retail,10,34827.3,0.2,278618.4,Pending,4.7
ORD10307,Monitor,Mumbai,B2B,10,19046.27,0.11,169511.8,Completed,
ORD10308,Smartwatch,Delhi,Online,3,8633.57,0.19,20979.58,Completed,3.2
ORD10309,Smartwatch,Pune,Retail,1,7532.72,0.05,7156.08,Completed,2.7
ORD10310,Smartwatch,Mumbai,Retail,9,7619.46,0.06,64460.63,Returned,3.7
ORD10311,Headphones,Delhi,Distributor,10,4352.28,0.19,35253.47,Cancelled,3.7
ORD10312,Monitor,Ahmedabad,Distributor,2,16891.71,0.12,29729.41,Completed,3.4
ORD10313,Speaker,Ahmedabad,Distributor,7,3209.59,0.15,19097.06,Completed,3.8
ORD10314,Monitor,Chennai,Online,5,16249.24,0.01,80433.74,Completed,2.7
ORD10315,Tablet,Delhi,Retail,4,21859.24,0.02,85688.22,Completed,3.8
ORD10316,Tablet,Kolkata,Online,9,20884.14,0.16,157884.1,Cancelled,3.5
ORD10317,Phone,Chennai,B2B,3,28251.48,0.04,81364.26,Completed,3.8
ORD10318,Speaker,Pune,Retail,10,3263.18,0.1,29368.62,Pending,5.0
ORD10319,Speaker,Chennai,Retail,8,3712.44,0.14,25541.59,Completed,4.8
ORD10320,Laptop,Ahmedabad,Retail,5,63337.69,0.03,307187.8,Cancelled,
ORD10321,Laptop,Pune,Distributor,8,63805.33,0.05,484920.51,Completed,3.9
ORD10322,Camera,Mumbai,B2B,8,36776.21,0.12,258904.52,Completed,3.0
ORD10323,Smartwatch,Ahmedabad,Retail,1,8442.12,0.21,6669.27,Completed,
ORD10324,Headphones,Bangalore,Retail,1,4455.52,0.04,4277.3,Completed,3.0
ORD10325,Speaker,Mumbai,Retail,9,3782.06,0.16,28592.37,Completed,4.1
ORD10326,Camera,Pune,Retail,5,33907.83,0.03,164452.98,Completed,3.1
ORD10327,Phone,Delhi,B2B,10,27651.72,0.18,226744.1,Pending,4.4
ORD10328,Phone,Chennai,Online,4,30540.09,0.03,118495.55,Completed,
ORD10329,Speaker,Hyderabad,Distributor,7,3341.41,0.1,21050.88,Returned,3.6
ORD10330,Camera,Pune,Distributor,8,34743.88,0.2,222360.83,Completed,4.4
ORD10331,Tablet,Bangalore,Online,10,21684.95,0.08,199501.54,Returned,4.7
ORD10332,Speaker,Mumbai,Retail,4,3656.89,0.03,14188.73,Completed,3.9
ORD10333,Smartwatch,Hyderabad,Distributor,9,8003.3,0.1,64826.73,Pending,3.7
ORD10334,Smartwatch,Pune,B2B,2,7412.26,0.05,14083.29,Completed,
ORD10335,Monitor,Kolkata,Distributor,9,16814.02,0.12,133167.04,Pending,3.0
ORD10336,Headphones,Kolkata,B2B,2,4491.36,0.2,7186.18,Completed,4.9
ORD10337,Monitor,Bangalore,B2B,8,16412.41,0.18,107665.41,Returned,2.9
ORD10338,Headphones,Chennai,B2B,4,4423.92,0.2,14156.54,Completed,2.8
ORD10339,Headphones,Ahmedabad,Distributor,1,4891.13,0.2,3912.9,Completed,3.4
ORD10340,Tablet,Pune,Online,1,23669.87,0.21,18699.2,Completed,4.5
ORD10341,Tablet,Chennai,Retail,10,21135.19,0.01,209238.38,Pending,2.6
ORD10342,Phone,Hyderabad,Distributor,7,26673.7,0.07,173645.79,Pending,
ORD10343,Phone,Bangalore,Distributor,6,29365.23,0.11,156810.33,Completed,
ORD10344,Speaker,Kolkata,Distributor,4,3444.39,0.07,12813.13,Completed,2.9
ORD10345,Monitor,Delhi,Retail,9,16365.97,0.07,136983.17,Pending,2.6
ORD10346,Laptop,Hyderabad,Distributor,4,63083.3,0.14,217006.55,Completed,3.7
ORD10347,Speaker,Chennai,B2B,4,3745.29,0.06,14082.29,Completed,4.2
ORD10348,Speaker,Ahmedabad,Distributor,6,3453.84,0.12,18236.28,Pending,4.9
ORD10349,Speaker,Delhi,B2B,10,3585.76,0.02,35140.45,Completed,5.0
ORD10350,Monitor,Chennai,Distributor,7,18716.43,0.03,127084.56,Pending,2.9
ORD10351,Tablet,Bangalore,B2B,4,23873.42,0.15,81169.63,Completed,4.7
ORD10352,Smartwatch,Kolkata,Distributor,4,8798.72,0.13,30619.55,Completed,2.5
ORD10353,Monitor,Chennai,Distributor,1,17615.97,0.0,17615.97,Pending,3.2
ORD10354,Smartwatch,Chennai,Online,9,8218.44,0.05,70267.66,Completed,2.8
ORD10355,Tablet,Hyderabad,B2B,9,22973.82,0.14,177817.37,Returned,3.3
ORD10356,Laptop,Kolkata,Retail,10,62930.6,0.21,497151.74,Completed,2.9
ORD10357,Tablet,Ahmedabad,Online,7,20670.2,0.12,127328.43,Returned,
ORD10358,Camera,Bangalore,B2B,8,36725.52,0.08,270299.83,Pending,2.7
ORD10359,Phone,Pune,Online,8,26923.75,0.22,168004.2,Completed,3.1
ORD10360,Smartwatch,Mumbai,Distributor,4,8593.23,0.05,32654.27,Completed,
ORD10361,Laptop,Chennai,Online,2,62096.82,0.08,114258.15,Completed,3.3
ORD10362,Speaker,Bangalore,Online,4,3287.87,0.17,10915.73,Cancelled,3.7
ORD10363,Monitor,Pune,Retail,5,18423.32,0.03,89353.1,Completed,3.8
ORD10364,Camera,Mumbai,B2B,8,36980.65,0.04,284011.39,Completed,3.6
ORD10365,Monitor,Delhi,Online,7,17300.55,0.09,110204.5,Completed,3.7
ORD10366,Laptop,Bangalore,B2B,7,58683.34,0.24,312195.37,Completed,5.0
ORD10367,Tablet,Pune,B2B,5,23072.52,0.03,111901.72,Completed,3.7
ORD10368,Laptop,Chennai,Online,4,71428.73,0.1,257143.43,Completed,4.8
ORD10369,Camera,Kolkata,B2B,1,34177.99,0.08,31443.75,Completed,4.9
ORD10370,Camera,Ahmedabad,Retail,8,36627.87,0.19,237348.6,Completed,3.5
ORD10371,Camera,Hyderabad,Online,3,32947.07,0.08,90933.91,Completed,3.9
ORD10372,Phone,Kolkata,Online,8,26890.92,0.25,161345.52,Cancelled,4.9
ORD10373,Speaker,Hyderabad,B2B,10,3328.77,0.12,29293.18,Completed,3.3
ORD10374,Phone,Mumbai,Online,10,27168.21,0.08,249947.53,Pending,3.8
ORD10375,Phone,Hyderabad,B2B,2,26814.62,0.2,42903.39,Completed,2.9
ORD10376,Headphones,Bangalore,B2B,10,4094.13,0.2,32753.04,Completed,3.6
ORD10377,Monitor,Chennai,Online,5,17691.86,0.03,85805.52,Completed,4.9
ORD10378,Monitor,Delhi,Distributor,4,16391.34,0.16,55074.9,Cancelled,4.6
ORD10379,Smartwatch,Pune,Retail,5,8292.51,0.06,38974.8,Completed,
ORD10380,Smartwatch,Ahmedabad,Online,2,7512.42,0.21,11869.62,Pending,4.9
ORD10381,Tablet,Chennai,Distributor,7,21596.07,0.01,149660.77,Completed,3.8
ORD10382,Tablet,Chennai,B2B,4,23503.8,0.23,72391.7,Pending,2.6
ORD10383,Monitor,Delhi,Retail,7,19221.2,0.14,115711.62,Completed,3.1
ORD10384,Phone,Hyderabad,Distributor,5,25213.86,0.08,115983.76,Pending,4.8
ORD10385,Smartwatch,Kolkata,B2B,1,7997.95,0.0,7997.95,Returned,3.0
ORD10386,Smartwatch,Ahmedabad,Retail,1,7949.31,0.05,7551.84,Completed,4.0
ORD10387,Tablet,Kolkata,Distributor,2,23174.89,0.19,37543.32,Completed,
ORD10388,Phone,Mumbai,Online,10,27789.92,0.24,211203.39,Completed,4.6
ORD10389,Camera,Chennai,B2B,1,31510.36,0.24,23947.87,Completed,2.5
ORD10390,Laptop,Chennai,Distributor,1,68898.32,0.13,59941.54,Returned,4.1
ORD10391,Camera,Pune,B2B,8,37703.16,0.07,280511.51,Completed,3.2
ORD10392,Camera,Bangalore,B2B,2,37532.25,0.22,58550.31,Pending,3.3
ORD10393,Tablet,Delhi,Retail,8,23847.94,0.12,167889.5,Completed,
ORD10394,Speaker,Kolkata,B2B,9,3171.81,0.14,24549.81,Returned,4.5
ORD10395,Laptop,Pune,B2B,7,63422.48,0.2,355165.89,Cancelled,4.7
ORD10396,Headphones,Delhi,Online,4,4510.79,0.03,17501.87,Pending,4.5
ORD10397,Headphones,Pune,Online,7,4852.16,0.13,29549.65,Completed,3.3
ORD10398,Headphones,Ahmedabad,B2B,3,4207.63,0.08,11613.06,Completed,3.0
ORD10399,Tablet,Mumbai,Online,7,22777.59,0.1,143498.82,Cancelled,3.9
ORD10400,Camera,Hyderabad,B2B,8,33250.76,0.04,255365.84,Completed,3.3
ORD10401,Camera,Mumbai,B2B,6,34285.27,0.14,176911.99,Completed,4.7
ORD10402,Headphones,Delhi,Distributor,4,4913.55,0.09,17885.32,Pending,3.5
ORD10403,Headphones,Chennai,Online,2,4320.94,0.19,6999.92,Returned,
ORD10404,Phone,Kolkata,B2B,6,30512.9,0.08,168431.21,Pending,4.6
ORD10405,Laptop,Kolkata,Online,10,69465.03,0.17,576559.75,Cancelled,4.1
ORD10406,Headphones,Chennai,Distributor,3,4344.48,0.11,11599.76,Completed,4.4
ORD10407,Speaker,Ahmedabad,Distributor,4,3727.19,0.01,14759.67,Completed,
ORD10408,Camera,Ahmedabad,Distributor,1,36499.98,0.22,28469.98,Completed,4.2
ORD10409,Smartwatch,Pune,Online,2,8439.38,0.14,14515.73,Completed,3.2
ORD10410,Smartwatch,Pune,B2B,9,7534.95,0.01,67136.4,Completed,4.5
ORD10411,Camera,Mumbai,B2B,9,35734.74,0.24,244425.62,Completed,3.8
ORD10412,Headphones,Bangalore,Distributor,1,4723.47,0.14,4062.18,Completed,2.6
ORD10413,Speaker,Pune,B2B,1,3743.29,0.12,3294.1,Completed,3.4
ORD10414,Monitor,Kolkata,Distributor,1,17316.91,0.05,16451.06,Pending,3.6
ORD10415,Monitor,Mumbai,B2B,1,18232.11,0.25,13674.08,Completed,3.9
ORD10416,Tablet,Kolkata,Retail,4,20670.78,0.04,79375.8,Completed,
ORD10417,Speaker,Hyderabad,Retail,2,3440.63,0.21,5436.2,Completed,4.4
ORD10418,Monitor,Chennai,Online,9,18574.03,0.22,130389.69,Completed,3.7
ORD10419,Headphones,Chennai,Retail,1,4143.75,0.21,3273.56,Completed,2.5
ORD10420,Laptop,Chennai,B2B,3,60178.59,0.05,171508.98,Returned,
ORD10421,Tablet,Hyderabad,Distributor,8,19953.32,0.01,158030.29,Completed,3.9
ORD10422,Phone,Hyderabad,Online,1,27691.25,0.14,23814.47,Completed,4.0
ORD10423,Speaker,Mumbai,Online,8,3556.83,0.17,23617.35,Completed,3.6
ORD10424,Tablet,Delhi,Online,2,21571.48,0.24,32788.65,Completed,3.5
ORD10425,Headphones,Delhi,Distributor,9,4286.25,0.24,29317.95,Pending,3.7
ORD10426,Smartwatch,Kolkata,Retail,5,8449.2,0.16,35486.64,Completed,
ORD10427,Speaker,Kolkata,Retail,5,3651.45,0.14,15701.24,Completed,4.3
ORD10428,Speaker,Ahmedabad,Retail,2,3517.82,0.2,5628.51,Returned,4.4
ORD10429,Smartwatch,Chennai,B2B,7,7864.86,0.22,42942.14,Completed,4.7
ORD10430,Phone,Delhi,B2B,10,27025.48,0.02,264849.7,Completed,
ORD10431,Speaker,Delhi,Online,1,3239.92,0.16,2721.53,Returned,3.9
ORD10432,Phone,Ahmedabad,Online,4,26737.35,0.09,97323.95,Completed,3.5
ORD10433,Speaker,Pune,Distributor,7,3611.97,0.05,24019.6,Completed,4.2
ORD10434,Laptop,Delhi,Retail,9,62497.9,0.06,528732.23,Completed,3.0
ORD10435,Tablet,Delhi,Distributor,10,23401.13,0.14,201249.72,Completed,3.8
ORD10436,Smartwatch,Kolkata,Distributor,5,8485.68,0.01,42004.12,Returned,3.1
ORD10437,Phone,Kolkata,Retail,3,25933.82,0.03,75467.42,Completed,3.5
ORD10438,Headphones,Delhi,B2B,4,4839.52,0.13,16841.53,Cancelled,3.8
ORD10439,Laptop,Mumbai,Retail,9,68017.68,0.16,514213.66,Returned,
ORD10440,Camera,Bangalore,Retail,1,37084.9,0.07,34488.96,Completed,4.4
ORD10441,Camera,Hyderabad,Retail,10,36779.65,0.22,286881.27,Pending,4.5
ORD10442,Camera,Hyderabad,Online,4,35427.54,0.23,109116.82,Cancelled,3.2
ORD10443,Tablet,Delhi,Online,10,20772.68,0.03,201495.0,Completed,4.5
ORD10444,Monitor,Hyderabad,Retail,8,16490.07,0.02,129282.15,Completed,2.6
ORD10445,Headphones,Ahmedabad,Retail,7,4244.93,0.11,26445.91,Pending,3.9
ORD10446,Phone,Bangalore,Distributor,5,25308.04,0.24,96170.55,Completed,2.7
ORD10447,Monitor,Chennai,Retail,4,18893.76,0.19,61215.78,Completed,3.3
ORD10448,Smartwatch,Chennai,Online,3,7952.11,0.2,19085.06,Completed,4.3
ORD10449,Tablet,Kolkata,B2B,8,22041.2,0.13,153406.75,Completed,3.7
ORD10450,Speaker,Mumbai,Retail,8,3512.16,0.23,21634.91,Completed,4.4
ORD10451,Phone,Mumbai,Online,1,25958.57,0.04,24920.23,Completed,5.0
ORD10452,Tablet,Delhi,Retail,2,20714.86,0.16,34800.96,Returned,2.7
ORD10453,Phone,Bangalore,B2B,8,29877.16,0.24,181653.13,Completed,3.1
ORD10454,Camera,Delhi,Online,8,36022.88,0.1,259364.74,Completed,3.4
ORD10455,Headphones,Chennai,Online,6,4640.37,0.02,27285.38,Returned,4.3
ORD10456,Camera,Bangalore,B2B,6,34713.35,0.1,187452.09,Completed,4.5
ORD10457,Tablet,Pune,Distributor,7,22706.1,0.1,143048.43,Returned,2.7
ORD10458,Camera,Bangalore,Retail,6,35539.56,0.19,172722.26,Pending,4.7
ORD10459,Phone,Hyderabad,Distributor,9,27247.94,0.04,235422.2,Completed,3.3
ORD10460,Speaker,Pune,Online,3,3157.41,0.08,8714.45,Completed,4.4
ORD10461,Smartwatch,Chennai,Distributor,8,8179.62,0.1,58893.26,Completed,3.3
ORD10462,Monitor,Mumbai,Online,6,17301.77,0.2,83048.5,Completed,4.5
ORD10463,Headphones,Delhi,Retail,9,4298.8,0.15,32885.82,Completed,3.3
ORD10464,Headphones,Hyderabad,Online,5,4157.52,0.18,17045.83,Completed,
ORD10465,Camera,Ahmedabad,Distributor,5,32349.21,0.03,156893.67,Completed,4.1
ORD10466,Laptop,Pune,Distributor,8,69660.05,0.23,429105.91,Pending,3.3
ORD10467,Speaker,Hyderabad,Online,5,3441.5,0.13,14970.52,Completed,3.3
ORD10468,Smartwatch,Mumbai,Online,7,8380.33,0.13,51036.21,Completed,
ORD10469,Smartwatch,Chennai,Online,7,7411.5,0.19,42023.21,Completed,4.8
ORD10470,Monitor,Pune,Distributor,10,18974.77,0.01,187850.22,Completed,4.7
ORD10471,Phone,Kolkata,Distributor,10,29211.4,0.0,292114.0,Cancelled,3.0
ORD10472,Monitor,Pune,Retail,10,17808.05,0.22,138902.79,Completed,2.9
ORD10473,Laptop,Hyderabad,Online,8,62280.78,0.1,448421.62,Pending,4.3
ORD10474,Camera,Kolkata,Distributor,8,32373.95,0.22,202013.45,Completed,4.9
ORD10475,Speaker,Chennai,Retail,10,3343.67,0.13,29089.93,Completed,3.0
ORD10476,Speaker,Mumbai,Online,5,3305.57,0.01,16362.57,Completed,4.3
ORD10477,Speaker,Hyderabad,Distributor,5,3242.33,0.11,14428.37,Pending,3.7
ORD10478,Smartwatch,Pune,B2B,6,8653.54,0.09,47248.33,Completed,4.4
ORD10479,Monitor,Bangalore,Online,6,16780.23,0.22,78531.48,Completed,4.0
ORD10480,Smartwatch,Chennai,Online,1,8623.4,0.03,8364.7,Pending,3.3
ORD10481,Monitor,Hyderabad,Retail,9,19597.04,0.21,139334.95,Completed,4.5
ORD10482,Laptop,Pune,Retail,5,70516.32,0.23,271487.83,Pending,2.7
ORD10483,Phone,Delhi,Distributor,10,28767.25,0.1,258905.25,Completed,2.6
ORD10484,Headphones,Mumbai,Distributor,5,4199.41,0.13,18267.43,Pending,3.4
ORD10485,Speaker,Hyderabad,Distributor,6,3244.3,0.16,16351.27,Completed,4.0
ORD10486,Camera,Bangalore,Retail,3,33975.54,0.0,101926.62,Completed,3.3
ORD10487,Headphones,Bangalore,B2B,4,4427.51,0.14,15230.63,Completed,4.9
ORD10488,Headphones,Kolkata,B2B,4,4734.06,0.2,15148.99,Returned,4.8
ORD10489,Phone,Pune,Online,2,27236.67,0.05,51749.67,Returned,4.6
ORD10490,Headphones,Hyderabad,Distributor,7,4351.51,0.2,24368.46,Completed,4.3
ORD10491,Camera,Hyderabad,Retail,9,37936.5,0.12,300457.08,Completed,4.6
ORD10492,Monitor,Kolkata,Retail,4,16714.13,0.24,50810.96,Completed,3.8
ORD10493,Tablet,Chennai,B2B,4,21620.96,0.2,69187.07,Pending,4.3
ORD10494,Smartwatch,Ahmedabad,Online,4,8216.8,0.13,28594.46,Completed,3.5
ORD10495,Monitor,Ahmedabad,Online,9,18347.18,0.17,137053.43,Completed,3.6
ORD10496,Tablet,Hyderabad,Online,3,23086.89,0.24,52638.11,Returned,3.6
ORD10497,Smartwatch,Mumbai,Online,7,7786.28,0.03,52868.84,Pending,4.0
ORD10498,Camera,Mumbai,Distributor,7,34379.53,0.22,187712.23,Completed,4.2
ORD10499,Phone,Mumbai,B2B,8,28809.07,0.14,198206.4,Pending,4.5
